patient geometry,count-matched synthetic
3.871650211565585,3.9948283968030087
