resistance_cost,adapt_cs,cont_cs,adapt_tox,cont_tox,adapt_res,cont_res,adapt_cens,cont_cens
0.0,4.496500388942678,1.2396694214876034,37.86666666666667,120.0,0.19999999999999998,0.0,1.0,1.0
0.05,5.027571755614422,1.2396694214876034,29.46666666666667,120.0,0.10166666666666668,0.0,1.0,1.0
0.1,5.71078072440269,1.2396694214876034,25.333333333333332,120.0,0.03833333333333333,0.0,1.0,1.0
0.15,5.565626239166147,1.2396694214876034,26.0,120.0,0.044333333333333336,0.0,1.0,1.0
0.2,5.166677070131111,1.2396694214876034,29.73333333333333,120.0,0.014666666666666666,0.0,1.0,1.0
0.24,5.5705193737234,1.2396694214876034,26.0,120.0,0.067,0.0,1.0,1.0
0.3,5.713966917158207,1.2396694214876034,25.333333333333332,120.0,0.023999999999999997,0.0,1.0,1.0
0.4,5.765720922515347,1.2396694214876034,25.2,120.0,0.02333333333333333,0.0,1.0,1.0
0.5,5.923453545930767,1.2396694214876034,24.400000000000002,120.0,0.013333333333333334,0.0,1.0,1.0
